mention_id,timestamp,source,source_url,language,raw_text,brand_key,author_handle,engagement_likes,engagement_comments,country_guess,sentiment_score,sentiment_label,topic_tags,entity_product,crisis_flag,crisis_reason,summary,actionable_insight
rd_0000,2025-06-13T08:39:09.742853,reddit,https://reddit.com/r/SkincareAddiction/comments/0,en,Has anyone tried The Cream for like 4+ weeks? I'm on week 3 and the texture is amazing but not sure I see $200 worth of difference yet.,augustinus_bader,user_30256,147,94,US,3,neutral,efficacy_results;price_value;texture_consistency,,False,,Has anyone tried The Cream for like 4+ weeks? I'm on week 3 and the texture is a...,
rd_0001,2025-06-14T09:57:53.482486,reddit,https://reddit.com/r/SkincareAddiction/comments/1,en,Has anyone tried The Cream for like 4+ weeks? I'm on week 3 and the texture is amazing but not sure I see $200 worth of difference yet.,augustinus_bader,user_56302,37,3,US,3,neutral,efficacy_results;price_value;texture_consistency,,False,,Has anyone tried The Cream for like 4+ weeks? I'm on week 3 and the texture is a...,
rd_0002,2025-06-11T07:06:25.343993,reddit,https://reddit.com/r/SkincareAddiction/comments/2,en,"Augustinus Bader review after 3 months: my skin barrier is stronger, redness is down. Worth the money if you can afford it IMO.",augustinus_bader,user_27062,738,83,IT,5,positive,efficacy_results;price_value,,False,,"Augustinus Bader review after 3 months: my skin barrier is stronger, redness is ...",
rd_0003,2025-06-12T10:44:33.584219,reddit,https://reddit.com/r/SkincareAddiction/comments/3,en,"Augustinus Bader review after 3 months: my skin barrier is stronger, redness is down. Worth the money if you can afford it IMO.",augustinus_bader,user_1851,782,103,UK,5,positive,efficacy_results;price_value,,False,,"Augustinus Bader review after 3 months: my skin barrier is stronger, redness is ...",
rd_0004,2025-06-14T00:21:28.205130,reddit,https://reddit.com/r/SkincareAddiction/comments/4,en,I keep seeing The Rich Cream everywhere but $290 for 50ml feels insane. Are there real dupes?,augustinus_bader,user_45118,109,11,FR,2,negative,price_value;duplicates_dupes,,False,,I keep seeing The Rich Cream everywhere but $290 for 50ml feels insane. Are ther...,
rd_0005,2025-06-10T21:25:10.303284,reddit,https://reddit.com/r/SkincareAddiction/comments/5,en,I keep seeing The Rich Cream everywhere but $290 for 50ml feels insane. Are there real dupes?,augustinus_bader,user_6695,752,58,IT,2,negative,price_value;duplicates_dupes,,False,,I keep seeing The Rich Cream everywhere but $290 for 50ml feels insane. Are ther...,
rd_0006,2025-06-11T03:11:15.939627,reddit,https://reddit.com/r/SkincareAddiction/comments/6,en,"Used AB The Cream for 6 months. Scent is subtle, packaging is gorgeous. Skin looks good but not transformative.",augustinus_bader,user_39427,648,79,DE,3,neutral,packaging_design;scent_fragrance;efficacy_results,,False,,"Used AB The Cream for 6 months. Scent is subtle, packaging is gorgeous. Skin loo...",
rd_0007,2025-06-13T15:20:37.900140,reddit,https://reddit.com/r/SkincareAddiction/comments/7,en,"Used AB The Cream for 6 months. Scent is subtle, packaging is gorgeous. Skin looks good but not transformative.",augustinus_bader,user_30871,796,37,US,3,neutral,packaging_design;scent_fragrance;efficacy_results,,False,,"Used AB The Cream for 6 months. Scent is subtle, packaging is gorgeous. Skin loo...",
rd_0008,2025-06-15T11:05:41.554182,reddit,https://reddit.com/r/SkincareAddiction/comments/8,en,Got a sample from Space NK. The Cream is thick but absorbs well. Not convinced on the science claims though.,augustinus_bader,user_60429,655,106,DE,3,neutral,efficacy_results;ingredients_formulation,,False,,Got a sample from Space NK. The Cream is thick but absorbs well. Not convinced o...,
rd_0009,2025-06-10T19:35:36.297945,reddit,https://reddit.com/r/SkincareAddiction/comments/9,en,Got a sample from Space NK. The Cream is thick but absorbs well. Not convinced on the science claims though.,augustinus_bader,user_92988,704,82,US,3,neutral,efficacy_results;ingredients_formulation,,False,,Got a sample from Space NK. The Cream is thick but absorbs well. Not convinced o...,
rd_0010,2025-06-13T07:39:03.793409,reddit,https://reddit.com/r/SkincareAddiction/comments/10,en,Honestly Augustinus Bader works but it's just good basic skincare with great marketing. Save your money.,augustinus_bader,user_22417,478,48,DE,2,negative,price_value;ingredients_formulation,,False,,Honestly Augustinus Bader works but it's just good basic skincare with great mar...,
rd_0011,2025-06-16T01:12:40.885086,reddit,https://reddit.com/r/SkincareAddiction/comments/11,en,Honestly Augustinus Bader works but it's just good basic skincare with great marketing. Save your money.,augustinus_bader,user_90733,337,107,US,2,negative,price_value;ingredients_formulation,,False,,Honestly Augustinus Bader works but it's just good basic skincare with great mar...,
rd_0012,2025-06-10T21:43:16.420701,reddit,https://reddit.com/r/SkincareAddiction/comments/12,en,My dermatologist recommended The Cream for my eczema-prone skin. It's helped more than anything else. Expensive but worth it.,augustinus_bader,user_36093,72,27,IT,4,positive,efficacy_results;comparison_vs_competitor,,False,,My dermatologist recommended The Cream for my eczema-prone skin. It's helped mor...,
rd_0013,2025-06-15T01:26:04.306094,reddit,https://reddit.com/r/SkincareAddiction/comments/13,en,My dermatologist recommended The Cream for my eczema-prone skin. It's helped more than anything else. Expensive but worth it.,augustinus_bader,user_52856,663,58,UK,4,positive,efficacy_results;comparison_vs_competitor,,False,,My dermatologist recommended The Cream for my eczema-prone skin. It's helped mor...,
rd_0014,2025-06-11T07:48:54.635950,reddit,https://reddit.com/r/SkincareAddiction/comments/14,en,Started The Rich Cream last month. I love the packaging but my skin broke out a little. Maybe too rich for me.,augustinus_bader,user_35438,769,74,FR,2,negative,packaging_design;irritation_reactions,,False,,Started The Rich Cream last month. I love the packaging but my skin broke out a ...,
rd_0015,2025-06-15T06:28:21.744685,reddit,https://reddit.com/r/SkincareAddiction/comments/15,en,Started The Rich Cream last month. I love the packaging but my skin broke out a little. Maybe too rich for me.,augustinus_bader,user_19131,526,63,US,2,negative,packaging_design;irritation_reactions,,False,,Started The Rich Cream last month. I love the packaging but my skin broke out a ...,
rd_0016,2025-06-14T20:38:16.791386,reddit,https://reddit.com/r/SkincareAddiction/comments/16,en,AB skincare is luxury with substance. The science behind TFC8 is solid. Stop hating and read the patents.,augustinus_bader,user_21969,701,54,IT,4,positive,ingredients_formulation;efficacy_results,,False,,AB skincare is luxury with substance. The science behind TFC8 is solid. Stop hat...,
rd_0017,2025-06-10T05:55:30.839792,reddit,https://reddit.com/r/SkincareAddiction/comments/17,de,AB skincare is luxury with substance. The science behind TFC8 is solid. Stop hating and read the patents.,augustinus_bader,user_70352,262,70,US,4,positive,ingredients_formulation;efficacy_results,,False,,AB skincare is luxury with substance. The science behind TFC8 is solid. Stop hat...,
rd_0018,2025-06-13T16:35:43.804196,reddit,https://reddit.com/r/SkincareAddiction/comments/18,de,Anyone tried both The Cream and La Mer? Going to AB after years of La Mer. Initial impression is positive.,augustinus_bader,user_99419,278,98,DE,4,positive,comparison_vs_competitor;routine_layering,,False,,Anyone tried both The Cream and La Mer? Going to AB after years of La Mer. Initi...,
rd_0019,2025-06-10T14:03:47.209548,reddit,https://reddit.com/r/SkincareAddiction/comments/19,en,Anyone tried both The Cream and La Mer? Going to AB after years of La Mer. Initial impression is positive.,augustinus_bader,user_95646,741,33,IT,4,positive,comparison_vs_competitor;routine_layering,,False,,Anyone tried both The Cream and La Mer? Going to AB after years of La Mer. Initi...,
ig_0020,2025-06-14T13:23:57.246646,instagram,https://instagram.com/p/20,en,✨ My skin is glowing after 2 weeks of The Cream. The texture is unlike anything else. #augustinusbader #luxuryskincare,augustinus_bader,@influencer_1843,20689,157,IT,5,positive,efficacy_results;texture_consistency;influencer_recommendation,,False,,✨ My skin is glowing after 2 weeks of The Cream. The texture is unlike anything ...,
ig_0021,2025-06-13T07:12:25.249045,instagram,https://instagram.com/p/21,en,The packaging of Augustinus Bader is unmatched. It feels like jewelry on my vanity 💎 #abskincare,augustinus_bader,@influencer_2746,17874,493,IT,4,positive,packaging_design,,False,,The packaging of Augustinus Bader is unmatched. It feels like jewelry on my vani...,
ig_0022,2025-06-15T14:02:19.639088,instagram,https://instagram.com/p/22,en,Honest review: AB is good but not life-changing. Save your money and try Drunk Elephant first.,augustinus_bader,@influencer_8105,838,62,DE,2,negative,price_value;comparison_vs_competitor,,False,,Honest review: AB is good but not life-changing. Save your money and try Drunk E...,
ig_0023,2025-06-15T13:39:51.327295,instagram,https://instagram.com/p/23,en,My aesthetician recommended The Rich Cream for dry skin. Game changer for winter. #augustinusbader,augustinus_bader,@influencer_5138,8046,34,UK,5,positive,efficacy_results;influencer_recommendation,,False,,My aesthetician recommended The Rich Cream for dry skin. Game changer for winter...,
ig_0024,2025-06-15T16:12:47.590298,instagram,https://instagram.com/p/24,en,💸 Yes it's expensive but my skin has never looked better. Worth every penny. #thecream,augustinus_bader,@influencer_1503,24183,253,US,5,positive,price_value;efficacy_results,,False,,💸 Yes it's expensive but my skin has never looked better. Worth every penny. #th...,
ig_0025,2025-06-15T21:04:55.232359,instagram,https://instagram.com/p/25,en,Got AB as a gift. The packaging is so heavy and luxurious. The Cream feels divine on the skin.,augustinus_bader,@influencer_2160,4407,342,FR,4,positive,packaging_design;texture_consistency,,False,,Got AB as a gift. The packaging is so heavy and luxurious. The Cream feels divin...,
tt_0026,2025-06-15T08:08:38.867762,tiktok,https://tiktok.com/@user/video/26,en,POV: you saved up for Augustinus Bader The Cream and it actually changed your skin 😭✨ #skincaretok #augustinusbader,augustinus_bader,@tiktoker_8745,458406,4989,UK,5,positive,efficacy_results;price_value;influencer_recommendation,,False,,POV: you saved up for Augustinus Bader The Cream and it actually changed your sk...,
tt_0027,2025-06-16T04:13:59.767695,tiktok,https://tiktok.com/@user/video/27,en,Hot take: AB is overpriced moisturizer with fancy packaging. Save your $290.,augustinus_bader,@tiktoker_3395,374790,2573,UK,1,negative,price_value;packaging_design,,False,,Hot take: AB is overpriced moisturizer with fancy packaging. Save your $290....,
tt_0028,2025-06-16T02:14:55.329666,tiktok,https://tiktok.com/@user/video/28,en,Augustinus Bader vs La Mer - which luxury skincare is actually worth it? Full comparison in bio 📲,augustinus_bader,@tiktoker_7277,472656,4259,UK,4,positive,comparison_vs_competitor;price_value,,False,,Augustinus Bader vs La Mer - which luxury skincare is actually worth it? Full co...,
tt_0029,2025-06-10T10:35:33.514644,tiktok,https://tiktok.com/@user/video/29,en,Why I switched from Augustinus Bader to Tatcha (and saved $200) #skintok #luxuryskincare,augustinus_bader,@tiktoker_5639,12028,4839,DE,3,neutral,comparison_vs_competitor;price_value,,False,,Why I switched from Augustinus Bader to Tatcha (and saved $200) #skintok #luxury...,
nw_0030,2025-06-11T02:12:05.476811,news,https://news.example.com/article/30,en,Augustinus Bader reports record Q3 growth driven by hero product The Cream expansion in Asia-Pacific markets.,augustinus_bader,Vogue Business,0,45,DE,4,positive,new_launch;sustainability_ethics,,False,,Augustinus Bader reports record Q3 growth driven by hero product The Cream expan...,
nw_0031,2025-06-09T22:01:40.907916,news,https://news.example.com/article/31,en,"Luxury skincare brand Augustinus Bader valued at $1B+ in latest funding round, with celebrity investors joining.",augustinus_bader,Vogue Business,0,21,US,4,positive,new_launch;celebrity_endorsement,,False,,"Luxury skincare brand Augustinus Bader valued at $1B+ in latest funding round, w...",
nw_0032,2025-06-12T20:26:36.449965,news,https://news.example.com/article/32,en,"Augustinus Bader launches new sustainable packaging line, commits to refillable containers by 2026.",augustinus_bader,Allure,0,13,DE,4,positive,sustainability_ethics;new_launch,,False,,"Augustinus Bader launches new sustainable packaging line, commits to refillable ...",
rd_0033,2025-06-11T04:34:11.041499,reddit,https://reddit.com/r/SkincareAddiction/comments/33,en,The Ordinary Niacinamide is a game-changer for oily skin. $5 and it actually works.,the_ordinary,user_62953,253,100,FR,5,positive,ingredients_formulation;price_value;efficacy_results,,False,,The Ordinary Niacinamide is a game-changer for oily skin. $5 and it actually wor...,
rd_0034,2025-06-14T12:39:32.384551,reddit,https://reddit.com/r/SkincareAddiction/comments/34,en,The Ordinary Niacinamide is a game-changer for oily skin. $5 and it actually works.,the_ordinary,user_57498,367,54,FR,5,positive,ingredients_formulation;price_value;efficacy_results,,False,,The Ordinary Niacinamide is a game-changer for oily skin. $5 and it actually wor...,
rd_0035,2025-06-13T00:01:13.068245,reddit,https://reddit.com/r/SkincareAddiction/comments/35,en,Started Glycolic Acid 7% Toning Solution last week. Tingled at first but skin looks brighter now.,the_ordinary,user_85696,105,7,FR,4,positive,efficacy_results;texture_consistency;irritation_reactions,,False,,Started Glycolic Acid 7% Toning Solution last week. Tingled at first but skin lo...,
rd_0036,2025-06-14T15:16:34.984147,reddit,https://reddit.com/r/SkincareAddiction/comments/36,en,Started Glycolic Acid 7% Toning Solution last week. Tingled at first but skin looks brighter now.,the_ordinary,user_26112,199,68,FR,4,positive,efficacy_results;texture_consistency;irritation_reactions,,False,,Started Glycolic Acid 7% Toning Solution last week. Tingled at first but skin lo...,
rd_0037,2025-06-10T12:24:23.312177,reddit,https://reddit.com/r/SkincareAddiction/comments/37,en,My skin got irritated from the AHA 30% + BHA 2% peel. Used too often. Now I do it once a month.,the_ordinary,user_10880,458,103,IT,2,negative,irritation_reactions;routine_layering,,False,,My skin got irritated from the AHA 30% + BHA 2% peel. Used too often. Now I do i...,
rd_0038,2025-06-10T17:05:53.481923,reddit,https://reddit.com/r/SkincareAddiction/comments/38,en,My skin got irritated from the AHA 30% + BHA 2% peel. Used too often. Now I do it once a month.,the_ordinary,user_2934,100,118,UK,2,negative,irritation_reactions;routine_layering,,False,,My skin got irritated from the AHA 30% + BHA 2% peel. Used too often. Now I do i...,
rd_0039,2025-06-10T23:07:06.764924,reddit,https://reddit.com/r/SkincareAddiction/comments/39,en,Retinol 0.5% in Squalane is great for beginners. Cheap and effective.,the_ordinary,user_53565,65,21,FR,5,positive,ingredients_formulation;price_value,,False,,Retinol 0.5% in Squalane is great for beginners. Cheap and effective....,
rd_0040,2025-06-09T21:17:24.269666,reddit,https://reddit.com/r/SkincareAddiction/comments/40,de,Retinol 0.5% in Squalane is great for beginners. Cheap and effective.,the_ordinary,user_60638,297,54,IT,5,positive,ingredients_formulation;price_value,,False,,Retinol 0.5% in Squalane is great for beginners. Cheap and effective....,
rd_0041,2025-06-13T22:30:10.481000,reddit,https://reddit.com/r/SkincareAddiction/comments/41,en,Deciem is taking over my whole routine. The Ordinary + NIOD covers everything I need.,the_ordinary,user_29534,64,74,IT,5,positive,brand_aesthetic;price_value,,False,,Deciem is taking over my whole routine. The Ordinary + NIOD covers everything I ...,
rd_0042,2025-06-10T03:59:26.883302,reddit,https://reddit.com/r/SkincareAddiction/comments/42,en,Deciem is taking over my whole routine. The Ordinary + NIOD covers everything I need.,the_ordinary,user_63493,519,117,IT,5,positive,brand_aesthetic;price_value,,False,,Deciem is taking over my whole routine. The Ordinary + NIOD covers everything I ...,
rd_0043,2025-06-11T08:46:05.619355,reddit,https://reddit.com/r/SkincareAddiction/comments/43,en,Has anyone else gotten tiny white bumps from The Ordinary's Hyaluronic Acid? It broke me out weird.,the_ordinary,user_25356,75,76,US,2,negative,irritation_reactions;texture_consistency,,False,,Has anyone else gotten tiny white bumps from The Ordinary's Hyaluronic Acid? It ...,
rd_0044,2025-06-13T18:38:25.070294,reddit,https://reddit.com/r/SkincareAddiction/comments/44,en,Has anyone else gotten tiny white bumps from The Ordinary's Hyaluronic Acid? It broke me out weird.,the_ordinary,user_75668,257,74,IT,2,negative,irritation_reactions;texture_consistency,,False,,Has anyone else gotten tiny white bumps from The Ordinary's Hyaluronic Acid? It ...,
rd_0045,2025-06-09T19:36:30.303706,reddit,https://reddit.com/r/SkincareAddiction/comments/45,en,"Buffet serum is overhyped IMO. It's fine, not amazing. Save your $30.",the_ordinary,user_75085,540,40,DE,2,negative,price_value;efficacy_results,,False,,"Buffet serum is overhyped IMO. It's fine, not amazing. Save your $30....",
rd_0046,2025-06-11T09:53:08.650087,reddit,https://reddit.com/r/SkincareAddiction/comments/46,en,"Buffet serum is overhyped IMO. It's fine, not amazing. Save your $30.",the_ordinary,user_52876,139,85,DE,2,negative,price_value;efficacy_results,,False,,"Buffet serum is overhyped IMO. It's fine, not amazing. Save your $30....",
rd_0047,2025-06-13T03:12:27.936286,reddit,https://reddit.com/r/SkincareAddiction/comments/47,de,The Ordinary vs The Inkey List: Ordinary has better formulations for the same price point. Just my experience.,the_ordinary,user_2220,474,79,IT,4,positive,comparison_vs_competitor;price_value;ingredients_formulation,,False,,The Ordinary vs The Inkey List: Ordinary has better formulations for the same pr...,
rd_0048,2025-06-15T13:07:22.386275,reddit,https://reddit.com/r/SkincareAddiction/comments/48,en,The Ordinary vs The Inkey List: Ordinary has better formulations for the same price point. Just my experience.,the_ordinary,user_35760,140,119,DE,4,positive,comparison_vs_competitor;price_value;ingredients_formulation,,False,,The Ordinary vs The Inkey List: Ordinary has better formulations for the same pr...,
rd_0049,2025-06-15T15:04:03.563717,reddit,https://reddit.com/r/SkincareAddiction/comments/49,en,EU has more restrictions on what's allowed so some products differ. Make sure you check your region.,the_ordinary,user_21676,453,106,IT,3,neutral,sustainability_ethics;comparison_vs_competitor,,False,,EU has more restrictions on what's allowed so some products differ. Make sure yo...,
rd_0050,2025-06-14T07:22:42.016167,reddit,https://reddit.com/r/SkincareAddiction/comments/50,de,EU has more restrictions on what's allowed so some products differ. Make sure you check your region.,the_ordinary,user_86717,546,1,IT,3,neutral,sustainability_ethics;comparison_vs_competitor,,False,,EU has more restrictions on what's allowed so some products differ. Make sure yo...,
rd_0051,2025-06-11T22:22:06.530740,reddit,https://reddit.com/r/SkincareAddiction/comments/51,de,Multi-Peptide + HA is great for anti-aging without irritation. Been using 6 months.,the_ordinary,user_18601,275,14,US,5,positive,efficacy_results;ingredients_formulation,,False,,Multi-Peptide + HA is great for anti-aging without irritation. Been using 6 mont...,
rd_0052,2025-06-14T02:28:59.895905,reddit,https://reddit.com/r/SkincareAddiction/comments/52,en,Multi-Peptide + HA is great for anti-aging without irritation. Been using 6 months.,the_ordinary,user_28607,739,43,UK,5,positive,efficacy_results;ingredients_formulation,,False,,Multi-Peptide + HA is great for anti-aging without irritation. Been using 6 mont...,
rd_0053,2025-06-14T10:36:59.692685,reddit,https://reddit.com/r/SkincareAddiction/comments/53,en,"Their customer service is awful. Wrong order, no reply for 2 weeks. Product is fine though.",the_ordinary,user_33914,57,11,FR,2,negative,customer_service;shipping_delivery,,False,,"Their customer service is awful. Wrong order, no reply for 2 weeks. Product is f...",
rd_0054,2025-06-14T12:26:24.433408,reddit,https://reddit.com/r/SkincareAddiction/comments/54,en,"Their customer service is awful. Wrong order, no reply for 2 weeks. Product is fine though.",the_ordinary,user_18146,657,33,UK,2,negative,customer_service;shipping_delivery,,False,,"Their customer service is awful. Wrong order, no reply for 2 weeks. Product is f...",
rd_0055,2025-06-14T11:25:33.241757,reddit,https://reddit.com/r/SkincareAddiction/comments/55,en,"Marine Hyaluronics is way underrated. Light, hydrating, plays well with everything.",the_ordinary,user_2267,119,9,UK,5,positive,texture_consistency;routine_layering,,False,,"Marine Hyaluronics is way underrated. Light, hydrating, plays well with everythi...",
rd_0056,2025-06-13T13:45:38.473571,reddit,https://reddit.com/r/SkincareAddiction/comments/56,en,"Marine Hyaluronics is way underrated. Light, hydrating, plays well with everything.",the_ordinary,user_20410,445,16,US,5,positive,texture_consistency;routine_layering,,False,,"Marine Hyaluronics is way underrated. Light, hydrating, plays well with everythi...",
ig_0057,2025-06-12T05:03:56.795872,instagram,https://instagram.com/p/57,en,My entire skincare routine is The Ordinary. Affordable and effective. Period. #theordinary #deciem,the_ordinary,@influencer_753,11924,112,UK,5,positive,price_value;ingredients_formulation,,False,,My entire skincare routine is The Ordinary. Affordable and effective. Period. #t...,
ig_0058,2025-06-13T20:10:22.871020,instagram,https://instagram.com/p/58,en,💧 Niacinamide 10% saved my oily T-zone. $5 bottle lasts 6 months. #theordinaryhack,the_ordinary,@influencer_9273,13516,322,UK,5,positive,efficacy_results;price_value,,False,,💧 Niacinamide 10% saved my oily T-zone. $5 bottle lasts 6 months. #theordinaryha...,
ig_0059,2025-06-15T06:45:17.816729,instagram,https://instagram.com/p/59,en,Mixing Buffet + Hyaluronic Acid = 💦 skin. Try it. #skincaretok #deciem,the_ordinary,@influencer_2762,6001,456,FR,5,positive,routine_layering;ingredients_formulation,,False,,Mixing Buffet + Hyaluronic Acid = 💦 skin. Try it. #skincaretok #deciem...,
ig_0060,2025-06-10T08:30:36.788269,instagram,https://instagram.com/p/60,en,Their new EU formulations are different from US ones. Check ingredients carefully.,the_ordinary,@influencer_5542,13691,415,UK,3,neutral,sustainability_ethics;comparison_vs_competitor,,False,,Their new EU formulations are different from US ones. Check ingredients carefull...,
ig_0061,2025-06-11T20:31:46.689210,instagram,https://instagram.com/p/61,en,"Started with Glycolic Acid, my skin is so much brighter. #skincaretransformation #theordinary",the_ordinary,@influencer_1871,12735,451,US,4,positive,efficacy_results,,False,,"Started with Glycolic Acid, my skin is so much brighter. #skincaretransformation...",
tt_0062,2025-06-14T20:45:12.253306,tiktok,https://tiktok.com/@user/video/62,en,The Ordinary dupes that work just as well as luxury brands 💸 #skintok #theordinaryhack,the_ordinary,@tiktoker_7641,184321,2520,US,5,positive,duplicates_dupes;price_value,,False,,The Ordinary dupes that work just as well as luxury brands 💸 #skintok #theordina...,
tt_0063,2025-06-11T11:16:54.314403,tiktok,https://tiktok.com/@user/video/63,en,Wait this $6 serum is better than my $80 one??? The Ordinary always wins #deciem,the_ordinary,@tiktoker_6628,173103,2302,US,5,positive,price_value;comparison_vs_competitor,,False,,Wait this $6 serum is better than my $80 one??? The Ordinary always wins #deciem...,
tt_0064,2025-06-15T13:39:06.860936,tiktok,https://tiktok.com/@user/video/64,en,How to layer The Ordinary without breaking out ✨ (full routine in bio) #skincareroutine,the_ordinary,@tiktoker_8446,210546,4412,UK,4,positive,routine_layering;irritation_reactions,,False,,How to layer The Ordinary without breaking out ✨ (full routine in bio) #skincare...,
tt_0065,2025-06-15T05:54:10.830598,tiktok,https://tiktok.com/@user/video/65,en,The Ordinary Glycolic Acid transformed my texture in 2 weeks 😍 #theordinary,the_ordinary,@tiktoker_4379,94620,4776,UK,5,positive,efficacy_results;texture_consistency,,False,,The Ordinary Glycolic Acid transformed my texture in 2 weeks 😍 #theordinary...,
nw_0066,2025-06-10T07:13:48.631021,news,https://news.example.com/article/66,en,Deciem announces expanded EU product line following regulatory compliance investments.,the_ordinary,Glossy,0,46,UK,3,neutral,sustainability_ethics;new_launch,,False,,Deciem announces expanded EU product line following regulatory compliance invest...,
nw_0067,2025-06-13T01:28:41.317722,news,https://news.example.com/article/67,en,The Ordinary parent company Deciem opens first flagship retail store in London.,the_ordinary,Vogue Business,0,24,DE,3,neutral,new_launch;brand_aesthetic,,False,,The Ordinary parent company Deciem opens first flagship retail store in London....,
nw_0068,2025-06-10T16:23:32.041693,news,https://news.example.com/article/68,en,"Estée Lauder increases stake in Deciem, signaling long-term commitment to The Ordinary brand.",the_ordinary,Allure,0,0,DE,4,positive,new_launch,,False,,"Estée Lauder increases stake in Deciem, signaling long-term commitment to The Or...",
rd_0069,2025-06-15T13:40:01.991154,reddit,https://reddit.com/r/SkincareAddiction/comments/69,en,Boy Brow is my holy grail. Have repurchased 4 times. Makes brows look natural and full.,glossier,user_98248,759,85,UK,5,positive,efficacy_results;comparison_vs_competitor,,False,,Boy Brow is my holy grail. Have repurchased 4 times. Makes brows look natural an...,
rd_0070,2025-06-11T18:03:26.242533,reddit,https://reddit.com/r/SkincareAddiction/comments/70,en,Boy Brow is my holy grail. Have repurchased 4 times. Makes brows look natural and full.,glossier,user_44279,643,40,US,5,positive,efficacy_results;comparison_vs_competitor,,False,,Boy Brow is my holy grail. Have repurchased 4 times. Makes brows look natural an...,
rd_0071,2025-06-14T02:33:07.293754,reddit,https://reddit.com/r/SkincareAddiction/comments/71,en,"Cloud Paint in Beam is perfect for a natural flush. Tiny bottle though, runs out fast.",glossier,user_54528,339,51,DE,4,positive,efficacy_results;texture_consistency,,False,,"Cloud Paint in Beam is perfect for a natural flush. Tiny bottle though, runs out...",
rd_0072,2025-06-13T00:14:51.788122,reddit,https://reddit.com/r/SkincareAddiction/comments/72,en,"Cloud Paint in Beam is perfect for a natural flush. Tiny bottle though, runs out fast.",glossier,user_50695,698,95,UK,4,positive,efficacy_results;texture_consistency,,False,,"Cloud Paint in Beam is perfect for a natural flush. Tiny bottle though, runs out...",
rd_0073,2025-06-13T11:33:21.582043,reddit,https://reddit.com/r/SkincareAddiction/comments/73,en,"Glossier You fragrance is so unique. Warm, skin-scent, gets compliments constantly.",glossier,user_1053,316,36,UK,5,positive,scent_fragrance;comparison_vs_competitor,,False,,"Glossier You fragrance is so unique. Warm, skin-scent, gets compliments constant...",
rd_0074,2025-06-12T15:14:36.756838,reddit,https://reddit.com/r/SkincareAddiction/comments/74,en,"Glossier You fragrance is so unique. Warm, skin-scent, gets compliments constantly.",glossier,user_61946,457,56,UK,5,positive,scent_fragrance;comparison_vs_competitor,,False,,"Glossier You fragrance is so unique. Warm, skin-scent, gets compliments constant...",
rd_0075,2025-06-13T07:51:53.891026,reddit,https://reddit.com/r/SkincareAddiction/comments/75,de,Honestly disappointed with Glossier lately. Products are mid and customer service has gone downhill.,glossier,user_97463,178,84,US,2,negative,customer_service;brand_aesthetic,,False,,Honestly disappointed with Glossier lately. Products are mid and customer servic...,
rd_0076,2025-06-11T20:08:01.969994,reddit,https://reddit.com/r/SkincareAddiction/comments/76,en,Honestly disappointed with Glossier lately. Products are mid and customer service has gone downhill.,glossier,user_13240,774,30,DE,2,negative,customer_service;brand_aesthetic,,False,,Honestly disappointed with Glossier lately. Products are mid and customer servic...,
rd_0077,2025-06-11T00:55:41.679683,reddit,https://reddit.com/r/SkincareAddiction/comments/77,en,Generation G is the best tinted lip balm I've tried. Shade range is inclusive and the texture is perfect.,glossier,user_33092,491,78,US,5,positive,texture_consistency;color_range,,False,,Generation G is the best tinted lip balm I've tried. Shade range is inclusive an...,
rd_0078,2025-06-13T01:57:39.877758,reddit,https://reddit.com/r/SkincareAddiction/comments/78,en,Generation G is the best tinted lip balm I've tried. Shade range is inclusive and the texture is perfect.,glossier,user_95155,718,49,FR,5,positive,texture_consistency;color_range,,False,,Generation G is the best tinted lip balm I've tried. Shade range is inclusive an...,
rd_0079,2025-06-12T00:56:38.951489,reddit,https://reddit.com/r/SkincareAddiction/comments/79,en,The pink packaging is iconic but quality control has slipped. My last Lash Slick was clumpy.,glossier,user_99430,793,113,US,2,negative,packaging_design;texture_consistency,,False,,The pink packaging is iconic but quality control has slipped. My last Lash Slick...,
rd_0080,2025-06-14T09:07:33.184996,reddit,https://reddit.com/r/SkincareAddiction/comments/80,en,The pink packaging is iconic but quality control has slipped. My last Lash Slick was clumpy.,glossier,user_92214,535,59,US,2,negative,packaging_design;texture_consistency,,False,,The pink packaging is iconic but quality control has slipped. My last Lash Slick...,
rd_0081,2025-06-13T17:22:05.680824,reddit,https://reddit.com/r/SkincareAddiction/comments/81,en,Glossier is overpriced for what you get. Their marketing is brilliant but the products are basic.,glossier,user_18477,480,85,IT,2,negative,price_value;brand_aesthetic,,False,,Glossier is overpriced for what you get. Their marketing is brilliant but the pr...,
rd_0082,2025-06-15T23:57:06.899639,reddit,https://reddit.com/r/SkincareAddiction/comments/82,de,Glossier is overpriced for what you get. Their marketing is brilliant but the products are basic.,glossier,user_59008,632,104,IT,2,negative,price_value;brand_aesthetic,,False,,Glossier is overpriced for what you get. Their marketing is brilliant but the pr...,
rd_0083,2025-06-12T22:18:29.980037,reddit,https://reddit.com/r/SkincareAddiction/comments/83,en,"Invisible Shield SPF is great under makeup. No white cast, layers well. Worth the price.",glossier,user_21861,766,110,FR,4,positive,routine_layering;texture_consistency,,False,,"Invisible Shield SPF is great under makeup. No white cast, layers well. Worth th...",
rd_0084,2025-06-12T22:06:03.280079,reddit,https://reddit.com/r/SkincareAddiction/comments/84,en,"Invisible Shield SPF is great under makeup. No white cast, layers well. Worth the price.",glossier,user_37347,789,99,IT,4,positive,routine_layering;texture_consistency,,False,,"Invisible Shield SPF is great under makeup. No white cast, layers well. Worth th...",
rd_0085,2025-06-12T15:17:04.651173,reddit,https://reddit.com/r/SkincareAddiction/comments/85,en,Solution exfoliator has changed my skin. Gentle but effective. Use it 3x a week.,glossier,user_94525,297,30,DE,5,positive,efficacy_results;routine_layering,,False,,Solution exfoliator has changed my skin. Gentle but effective. Use it 3x a week....,
rd_0086,2025-06-12T08:54:05.984740,reddit,https://reddit.com/r/SkincareAddiction/comments/86,en,Solution exfoliator has changed my skin. Gentle but effective. Use it 3x a week.,glossier,user_20769,241,49,UK,5,positive,efficacy_results;routine_layering,,False,,Solution exfoliator has changed my skin. Gentle but effective. Use it 3x a week....,
rd_0087,2025-06-13T19:12:05.831894,reddit,https://reddit.com/r/SkincareAddiction/comments/87,en,Their recent rebrand feels directionless. Lost the millennial pink magic that made them special.,glossier,user_72121,482,53,US,1,negative,brand_aesthetic;customer_service,,False,,Their recent rebrand feels directionless. Lost the millennial pink magic that ma...,
rd_0088,2025-06-11T03:26:50.830796,reddit,https://reddit.com/r/SkincareAddiction/comments/88,de,Their recent rebrand feels directionless. Lost the millennial pink magic that made them special.,glossier,user_77556,717,2,IT,1,negative,brand_aesthetic;customer_service,,False,,Their recent rebrand feels directionless. Lost the millennial pink magic that ma...,
rd_0089,2025-06-11T18:54:37.721117,reddit,https://reddit.com/r/SkincareAddiction/comments/89,en,Stretch concealer is so creamy and natural-looking. Shade match is perfect for my skin tone.,glossier,user_99759,404,109,FR,5,positive,texture_consistency;color_range;efficacy_results,,False,,Stretch concealer is so creamy and natural-looking. Shade match is perfect for m...,
rd_0090,2025-06-13T10:24:01.242480,reddit,https://reddit.com/r/SkincareAddiction/comments/90,en,Stretch concealer is so creamy and natural-looking. Shade match is perfect for my skin tone.,glossier,user_29906,504,28,DE,5,positive,texture_consistency;color_range;efficacy_results,,False,,Stretch concealer is so creamy and natural-looking. Shade match is perfect for m...,
ig_0091,2025-06-12T03:25:40.625074,instagram,https://instagram.com/p/91,en,Boy Brow + Cloud Paint + Lash Slick = my entire makeup look. Clean girl aesthetic on point 💕 #glossier #boybrow,glossier,@influencer_5607,22117,352,FR,5,positive,brand_aesthetic;routine_layering,,False,,Boy Brow + Cloud Paint + Lash Slick = my entire makeup look. Clean girl aestheti...,
ig_0092,2025-06-14T15:36:49.495064,instagram,https://instagram.com/p/92,en,New Glossier You EDP smells like warm skin and cashmere. Obsessed. #glossier #fragrance,glossier,@influencer_2191,20590,278,US,5,positive,scent_fragrance;new_launch,,False,,New Glossier You EDP smells like warm skin and cashmere. Obsessed. #glossier #fr...,
ig_0093,2025-06-15T12:12:40.644187,instagram,https://instagram.com/p/93,en,Stretch Concealer shade match is so perfect. My under-eye area looks awake for once ✨ #glossier #cleanbeauty,glossier,@influencer_544,2950,334,FR,4,positive,texture_consistency;color_range,,False,,Stretch Concealer shade match is so perfect. My under-eye area looks awake for o...,
ig_0094,2025-06-10T18:09:35.245348,instagram,https://instagram.com/p/94,en,Honest review: Glossier is way overpriced for drugstore quality products. Pretty packaging only.,glossier,@influencer_923,8724,199,DE,2,negative,price_value;brand_aesthetic,,False,,Honest review: Glossier is way overpriced for drugstore quality products. Pretty...,
ig_0095,2025-06-11T01:59:47.523979,instagram,https://instagram.com/p/95,en,Their Milky Oil cleanser is so gentle. Removes everything without stripping. #glossierreview,glossier,@influencer_6311,9317,390,FR,5,positive,efficacy_results;texture_consistency,,False,,Their Milky Oil cleanser is so gentle. Removes everything without stripping. #gl...,
tt_0096,2025-06-11T02:12:39.398149,tiktok,https://tiktok.com/@user/video/96,en,Glossier is the brand of girlboss burnout and I'm so here for it 💕 #cleanbeauty #glossier,glossier,@tiktoker_417,393704,4438,US,4,positive,brand_aesthetic,,False,,Glossier is the brand of girlboss burnout and I'm so here for it 💕 #cleanbeauty ...,
tt_0097,2025-06-15T20:02:08.934759,tiktok,https://tiktok.com/@user/video/97,en,"Honest Glossier review: pretty packaging, mid products, $$$ price tag. Save your coins 🪙",glossier,@tiktoker_1224,410591,349,US,2,negative,price_value;brand_aesthetic,,False,,"Honest Glossier review: pretty packaging, mid products, $$$ price tag. Save your...",
tt_0098,2025-06-15T09:19:45.786740,tiktok,https://tiktok.com/@user/video/98,en,Makeup routine in 5 minutes using only Glossier ✨ #glossier #cleanbeauty,glossier,@tiktoker_433,326758,1268,US,4,positive,routine_layering;brand_aesthetic,,False,,Makeup routine in 5 minutes using only Glossier ✨ #glossier #cleanbeauty...,
tt_0099,2025-06-10T21:34:24.145709,tiktok,https://tiktok.com/@user/video/99,en,Glossier Lash Slick vs Maybelline Sky High - which wins? 👀 #makeuptok,glossier,@tiktoker_9340,497897,1805,UK,3,neutral,comparison_vs_competitor,,False,,Glossier Lash Slick vs Maybelline Sky High - which wins? 👀 #makeuptok...,
nw_0100,2025-06-14T10:21:41.803638,news,https://news.example.com/article/100,en,Glossier announces strategic refocus on core hero products after 2024 sales dip.,glossier,WWD,0,38,DE,3,neutral,new_launch;customer_service,,False,,Glossier announces strategic refocus on core hero products after 2024 sales dip....,
nw_0101,2025-06-15T23:18:00.069870,news,https://news.example.com/article/101,en,Glossier reports customer service overhaul following 2023 backlash over shipping delays.,glossier,WWD,0,19,US,2,negative,customer_service;shipping_delivery,,False,,Glossier reports customer service overhaul following 2023 backlash over shipping...,
nw_0102,2025-06-13T20:41:42.022877,news,https://news.example.com/article/102,en,"Emily Weiss steps back from Glossier daily operations, brand enters new leadership phase.",glossier,BoF,0,43,UK,3,neutral,founders_leaving;new_launch,,False,,"Emily Weiss steps back from Glossier daily operations, brand enters new leadersh...",
cr_0103,2025-06-12T18:31:26.992566,reddit,https://example.com/post/103,en,URGENT: Avoid The Ordinary AHA 30% peel if you have sensitive skin. My face is burned and peeling. Where's the recall?,augustinus_bader,@urgent_706,45760,1751,US,1,negative,irritation_reactions;safety_alert,,True,Multiple reports of chemical burns from AHA peel,URGENT: Avoid The Ordinary AHA 30% peel if you have sensitive skin. My face is b...,
cr_0104,2025-06-13T02:33:32.400011,instagram,https://example.com/post/104,en,Augustinus Bader recall notice: certain batches of The Rich Cream contaminated per FDA warning.,the_ordinary,@urgent_970,45343,1279,US,1,negative,safety_alert;product_recall,,True,FDA recall notice on specific batch,Augustinus Bader recall notice: certain batches of The Rich Cream contaminated p...,
cr_0105,2025-06-14T11:38:38.077771,news,https://example.com/post/105,en,Glossier customer data breach exposed — my email and order history leaked. Their security is embarrassing.,glossier,@urgent_901,3191,761,US,1,negative,customer_service;regulatory_warning,,True,Customer data breach,Glossier customer data breach exposed — my email and order history leaked. Their...,
